{
    "open sans": {
        "300": "C:\\xampp\\htdocs\\hadmin-1\\storage\\fonts\/open_sans_300_39ef945f04dffafb40d0e4258ccaa41b",
        "normal": "C:\\xampp\\htdocs\\hadmin-1\\storage\\fonts\/open_sans_normal_3760d4dc48428d77234c57aacbf4be3d",
        "600": "C:\\xampp\\htdocs\\hadmin-1\\storage\\fonts\/open_sans_600_b1ce21e0a900a5106e97539d2f082999",
        "bold": "C:\\xampp\\htdocs\\hadmin-1\\storage\\fonts\/open_sans_bold_76cc12ba903c653efae07dd0b62d46cf",
        "800": "open_sans_800_da8832a9546e2fae7cc865fab9ab6837"
    },
    "quicksand": {
        "500": "C:\\xampp\\htdocs\\hadmin-1\\storage\\fonts\/quicksand_500_88bb83c765433e453cf77262bb98ae28",
        "bold": "quicksand_bold_b400405166637f3d9bc27a47f228402b"
    },
    "feather": {
        "normal": "feather_normal_8936f51840dbeac8752ac7c8bf016fad"
    },
    "fontawesome": {
        "normal": "fontawesome_normal_d965fb6b115bf21d5e6fde1b2d5d6ed1"
    },
    "font awesome\\ 5 brands": {
        "normal": "font_awesome__5_brands_normal_732a3f36a27d399e7cf5d49cdcf175df"
    },
    "font awesome\\ 5 free": {
        "normal": "C:\\xampp\\htdocs\\hadmin-1\\storage\\fonts\/font_awesome__5_free_normal_a9b732d11cd0af6b49b4e39b8386cd9a",
        "900": "font_awesome__5_free_900_b4bdbf2655659c7d778076f9796900a9"
    }
}